career,skill
AI Engineer,Python
AI Engineer,Machine Learning
AI Engineer,TensorFlow
AI Engineer,Deep Learning
AI Engineer,Mathematics
AI Engineer,SQL
Data Scientist,Python
Data Scientist,Statistics
Data Scientist,Machine Learning
Data Scientist,Pandas
Data Scientist,SQL
Data Scientist,Data Visualization
Data Analyst,Python
Data Analyst,SQL
Data Analyst,Excel
Data Analyst,Statistics
Data Analyst,Data Visualization
Web Developer,HTML
Web Developer,CSS
Web Developer,JavaScript
Web Developer,React
Web Developer,Git
Backend Developer,Java
Backend Developer,Spring Boot
Backend Developer,SQL
Backend Developer,REST API
Backend Developer,Git
ML Engineer,Python
ML Engineer,TensorFlow
ML Engineer,Machine Learning
ML Engineer,Deep Learning
ML Engineer,Git
Software Engineer,Java
Software Engineer,Python
Software Engineer,Data Structures
Software Engineer,Algorithms
Software Engineer,Git