study_hours,attendance,previous_score,assignments_completed,sleep_hours,participation,final_score
4.4,59.3,54.4,80.4,6.9,57.6,52.5
9.6,77.1,53.6,87.8,8.0,63.1,78.67
7.6,93.6,89.8,55.0,7.8,89.8,82.75
6.4,86.6,53.7,77.5,4.8,53.8,70.94
2.4,90.3,55.0,74.3,4.7,90.9,56.44
2.4,82.9,81.8,90.0,5.3,36.2,62.97
1.5,84.6,64.7,94.4,5.8,84.4,55.52
8.8,92.5,82.7,40.7,6.0,89.3,82.72
6.4,62.5,43.6,80.4,7.4,42.7,62.02
7.4,74.5,66.8,43.1,4.3,60.1,67.2
1.2,61.1,41.8,72.9,4.2,41.6,42.87
9.7,99.4,43.4,57.3,6.0,79.5,76.6
8.5,97.2,89.9,58.4,7.5,67.5,90.45
2.9,52.0,47.7,61.2,5.0,74.5,47.28
2.6,85.3,69.3,77.3,7.2,43.8,61.15
2.7,96.3,62.6,60.0,5.3,44.8,52.36
3.7,59.0,59.1,84.0,8.4,32.9,51.57
5.7,78.4,89.5,64.3,8.5,52.5,71.94
4.9,95.8,41.2,44.1,5.5,69.2,63.51
3.6,51.7,76.5,87.0,5.1,90.1,61.79
6.5,84.9,93.0,57.1,6.1,76.7,74.59
2.3,64.9,70.8,66.0,5.2,60.5,52.95
3.6,96.2,91.5,81.1,7.4,96.7,73.98
4.3,98.6,42.9,59.9,8.1,80.3,63.73
5.1,97.2,63.0,43.4,7.4,95.1,60.17
8.1,73.7,54.3,62.4,8.1,66.9,75.07
2.8,93.1,80.2,96.7,6.0,48.1,64.66
5.6,92.2,94.0,78.5,4.8,33.7,77.09
6.3,66.0,54.1,80.3,7.7,80.8,60.1
1.4,91.4,76.0,77.9,5.8,38.5,62.56
6.5,51.9,50.9,51.9,7.4,51.2,59.32
2.5,79.8,71.1,65.1,5.4,67.3,61.1
1.6,61.5,65.5,85.1,4.4,69.5,49.62
9.5,56.0,93.5,46.1,9.0,72.0,78.19
9.7,53.8,73.5,56.7,4.8,41.6,62.53
8.3,84.8,59.2,56.6,8.9,56.6,69.85
3.7,67.0,46.3,65.9,8.9,73.2,61.03
1.9,86.2,48.3,98.8,8.0,97.9,66.66
7.2,53.3,52.4,44.1,7.3,80.9,60.19
5.0,65.8,53.8,71.1,6.9,94.6,57.81
2.1,77.0,86.8,50.8,8.3,83.4,65.69
5.5,89.5,70.9,98.2,5.4,71.4,74.04
1.3,65.9,68.8,46.8,6.3,43.4,36.54
9.2,81.3,46.3,64.2,7.1,76.7,75.6
3.3,94.3,87.3,84.3,6.1,73.6,71.87
7.0,80.8,79.8,82.3,6.1,72.2,82.24
3.8,61.6,43.7,65.4,5.7,64.3,46.36
5.7,51.2,78.9,60.8,6.8,67.0,47.55
5.9,93.5,69.9,63.9,8.3,53.4,71.4
2.7,51.1,44.5,55.9,5.0,66.4,47.08
9.7,93.7,65.2,52.3,8.7,43.8,67.41
8.0,76.4,66.7,69.0,7.4,86.4,69.75
9.5,97.0,49.1,56.1,8.1,43.0,85.97
9.1,89.9,92.0,57.2,6.8,35.9,77.77
6.4,99.9,86.7,79.4,7.9,60.5,83.22
9.3,67.5,76.8,98.1,4.1,76.1,77.07
1.8,88.4,65.4,76.2,8.1,60.6,49.62
2.8,70.1,62.6,44.6,4.2,49.4,49.55
1.4,74.0,75.8,44.5,8.4,69.1,53.71
3.9,81.4,70.0,97.1,9.0,54.3,66.03
4.5,93.7,43.4,57.8,5.5,95.3,61.22
3.4,99.2,68.2,45.5,5.1,94.6,65.55
8.5,88.4,84.4,75.9,7.8,65.2,81.08
4.2,70.9,65.3,77.4,5.3,53.0,54.24
3.5,71.1,42.9,78.9,8.3,81.6,60.27
5.9,86.9,83.2,56.0,4.5,32.6,57.09
2.3,61.9,51.1,40.9,4.6,63.2,35.41
8.2,55.5,54.2,97.9,8.9,53.5,73.33
1.7,67.7,49.1,55.1,7.4,94.4,54.01
9.9,64.4,58.2,80.6,8.2,30.8,71.16
8.0,64.8,81.6,82.4,5.6,68.7,68.41
2.8,61.7,68.6,76.6,7.4,81.8,56.32
1.0,52.1,51.3,58.8,7.0,64.0,43.15
8.3,50.9,88.3,56.3,7.0,36.0,60.57
7.4,99.4,88.4,75.9,7.4,98.1,81.68
7.6,71.4,87.9,92.0,6.9,66.3,82.4
7.9,69.2,53.1,96.8,6.1,73.0,78.87
1.7,84.0,64.8,46.4,5.4,46.6,49.47
4.2,60.9,94.2,49.3,7.8,63.8,67.69
2.0,97.5,82.5,96.7,5.1,60.0,58.61
8.8,89.3,41.5,84.2,7.5,35.2,73.43
6.6,54.5,43.6,93.0,5.2,37.4,54.57
4.0,70.9,65.5,52.2,7.1,88.6,62.33
1.6,94.0,90.0,75.3,7.7,46.8,63.89
3.8,97.2,69.6,82.1,5.1,43.6,72.17
3.9,73.4,67.4,80.8,4.3,65.3,57.71
7.6,80.7,45.8,64.5,4.7,83.8,70.13
6.7,58.4,76.1,40.9,7.0,34.3,59.12
9.0,99.6,85.2,75.0,8.2,70.4,85.32
5.2,61.6,60.9,55.2,4.2,38.3,53.84
2.1,97.1,82.7,67.0,7.7,32.6,58.28
7.4,82.5,93.0,97.5,5.7,33.7,79.02
7.8,80.4,51.2,63.9,6.4,88.4,69.69
6.1,75.6,68.8,90.4,8.6,38.3,70.47
7.9,61.5,55.8,51.3,5.7,33.2,60.29
5.4,58.8,83.6,80.3,6.3,60.7,71.41
5.7,61.0,71.8,98.6,4.1,89.1,74.77
4.8,59.3,74.9,46.1,4.4,48.4,51.29
1.2,89.0,83.9,40.5,5.3,59.5,60.79
2.0,67.5,61.8,66.0,4.1,32.8,43.25
1.3,52.9,90.3,45.6,7.2,61.4,55.92
6.7,98.5,69.3,84.9,6.1,70.4,79.7
3.8,94.2,48.7,94.9,6.7,70.0,55.54
5.6,96.4,78.3,66.0,4.9,53.3,71.0
9.2,99.7,83.6,55.5,5.5,52.1,77.78
3.2,58.7,57.4,66.1,7.3,37.5,47.61
4.7,69.8,87.1,83.4,8.8,55.7,76.72
7.8,87.9,89.8,40.5,4.3,37.0,68.19
3.1,84.8,55.2,75.4,8.5,83.7,58.41
1.7,57.7,94.1,76.8,6.9,97.6,64.42
3.6,90.8,47.7,78.3,6.8,97.9,67.45
2.5,61.2,51.1,54.5,6.5,90.6,51.04
9.4,61.2,50.1,82.8,4.3,72.1,75.88
8.3,76.8,89.2,45.5,4.4,79.1,78.0
6.7,79.6,76.0,52.0,7.0,50.0,57.08
8.8,79.0,48.4,92.6,5.7,74.2,71.41
8.2,54.6,64.2,84.3,8.6,61.9,67.8
2.7,93.9,73.8,40.8,6.0,63.7,61.87
9.0,63.3,44.6,54.9,4.7,83.0,52.07
5.9,56.5,88.5,52.9,7.6,49.7,77.63
8.3,94.4,84.2,56.2,5.5,52.3,79.75
9.1,97.8,67.8,54.9,6.6,94.7,81.01
3.9,93.1,93.2,43.8,7.5,33.9,71.29
2.0,90.5,63.0,67.5,8.5,64.0,71.34
3.1,82.8,94.1,84.0,8.0,93.9,78.18
4.8,77.5,76.7,76.4,7.4,72.7,73.85
8.4,54.3,74.9,80.4,7.4,68.2,73.82
8.7,70.4,49.1,44.9,8.7,47.5,63.23
1.1,68.6,88.5,97.1,5.5,54.0,58.93
5.6,63.0,63.5,90.3,4.0,89.6,62.85
4.8,86.2,48.9,88.3,5.4,69.1,60.88
3.0,74.8,40.7,89.4,5.1,66.0,48.44
2.1,54.1,70.8,96.0,7.3,37.0,55.14
4.0,61.0,69.0,72.7,7.2,31.1,48.64
9.5,84.2,79.6,52.0,7.0,97.5,82.49
3.9,53.8,89.0,77.0,4.1,56.4,61.82
5.7,92.6,44.4,84.6,7.6,72.2,68.31
7.3,74.8,80.2,84.3,5.6,35.6,69.65
4.3,74.0,50.3,71.3,7.3,77.8,75.63
9.7,79.6,87.2,44.1,6.8,95.3,88.32
9.7,91.2,85.0,62.3,5.7,70.3,76.74
3.3,67.4,69.7,95.2,4.7,38.8,60.83
5.5,83.9,79.1,75.1,4.5,70.7,67.85
3.7,78.3,57.3,72.3,8.2,83.6,57.47
3.6,63.4,65.9,56.1,8.6,58.4,50.01
1.3,93.9,85.2,62.1,7.2,91.6,67.57
6.5,89.9,65.3,93.7,4.5,75.4,70.99
5.5,82.9,59.7,80.0,6.0,92.9,74.38
1.5,92.5,67.2,87.2,7.6,73.6,68.26
3.5,93.4,85.6,67.3,7.9,39.2,73.66
9.2,85.4,58.4,77.8,4.6,51.7,69.56
3.2,91.9,49.6,54.9,4.0,44.1,55.8
2.3,84.9,79.2,82.3,7.6,93.6,71.2
5.4,84.0,85.4,65.7,5.8,83.2,70.35
9.9,80.9,45.5,66.6,5.3,77.3,68.82
3.2,87.6,53.2,79.0,4.1,51.1,65.88
7.0,57.9,47.8,96.2,6.7,42.9,64.24
7.9,94.0,59.1,43.8,8.3,83.0,75.52
3.1,93.6,64.8,89.5,8.8,63.2,62.7
7.6,51.5,81.2,57.5,6.8,45.8,60.11
4.3,91.3,75.8,66.6,6.6,73.2,65.72
6.7,56.4,74.2,41.3,4.4,32.8,57.63
6.7,66.8,59.4,58.1,6.7,52.8,56.98
5.8,87.2,86.3,70.2,5.9,62.8,73.23
1.8,58.0,65.9,43.4,7.0,40.4,38.18
8.5,90.9,93.9,69.5,5.9,98.9,80.57
3.9,91.6,74.9,95.6,5.2,44.6,71.55
2.7,75.4,46.9,46.3,4.5,39.1,49.68
1.4,50.3,77.2,85.9,5.6,44.2,51.01
6.3,64.4,57.9,64.6,4.5,83.8,58.34
7.1,80.8,77.7,79.3,4.9,59.8,68.52
1.1,99.1,43.8,55.6,8.9,69.6,51.4
5.6,81.6,49.6,49.6,6.2,31.5,59.63
3.0,63.0,87.1,49.6,6.7,32.4,60.55
6.8,81.7,52.5,44.2,8.4,61.2,60.93
2.6,77.0,86.0,51.1,9.0,87.2,58.52
7.2,89.0,55.4,79.9,6.9,92.0,75.62
4.5,55.3,75.4,92.9,8.1,36.1,58.64
9.4,88.1,78.2,88.8,5.6,67.7,80.97
2.2,77.1,68.2,81.1,5.5,93.9,68.9
4.1,98.1,56.8,46.6,6.0,57.2,63.92
2.0,67.1,51.7,57.4,7.4,88.1,53.25
9.3,81.6,41.8,58.6,7.4,39.4,60.09
8.9,96.6,56.7,55.0,5.6,95.5,77.4
3.3,55.1,75.9,70.9,4.7,82.6,64.8
6.9,96.9,91.6,72.1,7.2,95.9,81.66
8.4,84.4,87.9,61.4,4.6,77.4,85.86
6.0,53.4,82.1,61.2,6.9,55.4,70.84
5.8,65.0,83.4,89.7,7.5,95.7,83.44
3.2,85.4,76.6,87.4,7.5,49.3,67.55
1.8,53.4,54.3,58.5,7.8,53.3,49.7
9.1,79.1,89.9,94.8,8.4,79.1,94.45
9.1,67.3,76.9,97.2,6.5,83.6,83.86
6.7,81.0,70.8,59.6,7.7,95.1,70.44
4.1,52.3,46.1,61.3,7.1,44.3,47.17
4.1,93.6,64.6,70.3,4.9,85.9,67.9
7.5,98.7,65.3,96.5,4.1,81.7,73.06
9.1,98.4,87.6,92.6,5.4,34.5,83.65
9.0,87.5,70.1,46.2,6.2,57.1,78.75
8.0,56.5,60.9,63.6,7.1,49.8,53.64
6.8,87.9,93.7,73.2,8.2,51.3,85.89
1.8,51.2,46.1,70.2,5.0,98.8,54.79
2.5,51.1,63.2,51.6,4.6,75.0,47.51
9.1,66.2,42.3,91.5,8.8,80.2,75.43
6.5,74.4,80.7,80.6,4.5,98.4,75.5
1.1,88.5,90.5,90.3,6.4,56.4,71.61
1.9,84.2,55.4,91.5,6.9,86.1,66.14
7.0,72.3,87.2,84.9,6.7,60.4,68.88
1.0,63.7,56.1,66.4,4.4,90.9,53.45
2.4,99.9,90.1,76.6,4.3,42.6,65.38
5.9,71.3,81.5,49.6,4.5,96.3,69.12
7.2,72.6,84.3,80.4,6.9,45.3,69.99
6.9,58.2,41.0,50.8,6.7,52.8,64.13
3.0,89.7,93.0,81.6,5.2,82.9,77.02
7.4,84.7,80.0,53.8,7.2,57.6,69.17
3.1,61.0,56.8,47.1,8.1,72.6,45.85
3.9,54.1,85.6,49.9,4.2,61.1,55.74
7.7,84.0,55.5,40.1,6.5,82.0,69.56
6.8,82.7,88.0,83.1,7.4,46.0,77.51
8.6,63.7,46.2,83.9,5.3,34.1,70.7
6.9,97.5,78.7,70.9,5.5,51.0,78.86
6.1,57.6,69.7,49.7,7.1,63.2,66.37
1.8,71.6,45.3,45.0,8.5,41.8,46.96
4.3,97.2,53.3,41.1,8.0,54.8,52.21
3.4,71.0,40.7,49.9,6.9,58.0,48.63
3.2,81.9,65.8,93.5,7.7,34.0,67.41
9.8,69.9,56.6,54.5,5.8,70.8,70.53
4.5,63.7,72.9,61.3,7.2,91.9,66.72
9.0,99.2,56.3,46.3,6.3,40.6,68.98
6.7,70.5,56.5,53.3,4.9,71.8,57.45
8.2,94.7,80.9,71.2,7.5,76.5,81.13
5.5,61.5,42.6,76.5,6.8,59.4,59.06
6.2,60.7,89.7,54.7,5.8,79.1,65.8
5.4,51.6,86.9,43.5,8.6,58.8,61.07
2.8,82.6,76.7,63.5,4.1,65.3,56.1
7.5,68.4,72.6,54.1,5.6,30.5,70.14
3.5,93.2,89.1,53.2,4.3,78.4,66.16
1.2,73.7,50.2,97.6,7.8,76.3,63.72
6.8,98.4,44.3,77.0,7.5,32.7,73.97
2.6,59.3,53.2,73.4,5.7,55.8,50.69
9.5,93.4,83.7,64.9,7.4,98.5,81.6
9.6,88.8,41.9,65.7,6.0,59.5,60.61
9.2,88.5,72.1,72.5,7.8,65.1,72.65
4.3,92.2,94.7,81.8,6.3,93.7,70.79
1.1,88.1,87.1,82.1,6.1,80.2,72.42
9.4,81.3,68.7,50.3,8.7,70.7,76.48
4.9,56.6,43.5,70.0,5.3,85.8,58.12
9.7,51.6,85.7,64.7,4.6,90.5,65.95
9.7,96.0,72.9,92.2,6.9,62.0,79.17
8.7,80.8,46.3,77.9,8.8,63.3,76.34
3.7,89.8,45.2,72.0,5.9,57.0,59.39
4.5,74.1,90.0,46.9,4.3,97.7,66.79
8.7,55.9,76.8,76.3,5.7,78.8,77.13
3.9,56.3,85.6,47.0,6.5,35.8,64.47
2.5,84.3,88.3,60.2,4.8,90.4,64.55
6.0,71.5,71.4,48.6,7.3,63.6,64.8
9.4,60.0,68.5,81.5,9.0,34.8,73.79
7.3,74.6,63.7,52.4,6.3,68.5,78.92
6.1,53.2,57.4,63.5,5.8,59.2,48.09
1.9,79.1,63.9,93.7,6.0,91.4,66.16
6.5,63.4,82.6,52.3,4.6,44.3,63.58
9.9,89.9,73.1,70.5,8.4,87.9,87.4
2.3,65.5,89.1,65.2,6.1,69.0,57.57
5.7,72.8,64.4,41.1,5.9,33.8,57.16
8.9,50.6,73.4,87.6,7.3,98.0,80.87
7.7,53.6,74.7,44.1,6.2,65.9,80.51
7.3,69.6,72.5,68.5,7.2,50.4,73.25
7.3,74.0,78.6,73.6,4.3,62.9,67.94
4.2,80.0,53.1,77.7,8.1,90.1,62.37
3.6,64.6,68.2,81.3,8.7,51.3,58.38
8.3,84.7,45.7,55.2,7.2,43.5,56.37
8.3,93.0,61.1,40.6,8.8,39.0,67.36
8.8,89.0,66.8,83.4,4.8,50.9,80.16
9.2,52.0,75.9,72.1,6.4,84.6,68.48
5.6,74.0,92.3,90.2,7.0,63.0,80.45
5.5,55.2,73.0,89.3,6.9,45.9,66.91
8.2,62.1,80.9,90.6,6.0,41.6,70.22
6.8,99.3,67.8,69.1,5.7,53.3,71.65
7.3,57.1,74.9,60.0,4.6,95.8,77.27
8.2,74.9,43.9,87.5,6.0,54.0,71.65
9.0,80.9,54.0,67.1,4.8,99.2,74.61
4.0,85.1,59.9,51.0,7.7,64.0,58.71
4.4,78.0,66.0,91.3,5.0,42.5,63.93
1.8,50.5,42.5,93.0,4.3,92.4,48.01
6.2,66.3,47.7,68.0,6.8,62.2,49.98
1.3,75.9,55.2,44.5,7.0,79.7,60.59
5.2,54.4,93.4,63.3,8.4,98.9,71.59
5.9,67.5,58.2,88.2,6.9,33.5,64.82
3.6,51.7,66.5,94.1,5.7,36.8,56.32
6.3,53.9,50.8,52.2,8.0,80.4,55.42
1.3,69.8,73.6,44.0,6.7,49.7,49.6
1.3,56.6,55.4,92.6,4.4,42.9,40.8
8.4,78.4,51.4,63.4,6.8,32.8,77.11
4.2,84.5,68.4,72.5,8.5,31.5,56.6
2.1,90.0,40.3,98.1,6.0,84.2,54.3
5.7,60.0,40.4,44.0,5.5,39.4,47.44
7.9,58.4,52.0,78.9,4.7,62.7,71.33
2.9,55.2,42.0,44.4,4.8,72.4,45.16
6.6,81.8,45.9,62.5,6.2,60.0,56.63
1.8,85.3,58.6,88.2,7.0,31.9,62.4
1.5,51.6,84.1,66.0,4.4,84.8,59.33
5.8,96.8,71.5,99.8,8.7,30.7,76.82
5.9,52.6,68.2,73.5,7.8,83.3,69.15
6.7,77.1,56.1,59.3,6.9,92.5,79.76
7.5,85.5,91.2,53.2,8.1,60.3,87.64
9.8,93.5,61.8,61.0,4.4,67.5,73.32
5.6,85.7,44.8,62.4,6.4,63.4,69.36
3.9,90.1,73.9,44.1,7.2,57.2,64.1
8.2,67.0,46.3,62.2,8.1,92.1,70.56
3.4,90.7,59.0,67.9,7.9,92.6,56.32
5.0,54.0,67.9,83.4,5.4,53.5,59.98
1.7,94.7,88.1,79.4,8.7,73.1,64.72
1.2,77.4,67.1,82.5,4.6,94.9,63.56
9.7,90.9,78.6,40.5,8.4,97.3,87.44
8.5,72.6,94.6,53.1,8.9,65.6,68.02
7.3,82.2,47.2,79.7,4.9,61.7,66.95
4.7,76.3,55.1,69.0,7.6,49.5,65.49
2.6,86.6,61.7,40.3,4.2,97.1,56.17
2.4,54.1,63.2,88.3,6.0,40.0,56.51
3.3,53.0,62.6,86.4,6.6,70.6,59.58
5.9,62.4,89.9,72.9,6.9,49.8,70.78
7.4,58.0,79.3,44.0,8.7,49.5,64.47
6.9,93.6,73.4,86.0,7.4,58.3,70.67
3.5,61.0,57.0,75.0,6.4,99.9,54.03
9.6,98.8,85.3,86.9,8.0,33.8,89.05
7.6,66.8,92.5,85.1,8.8,70.5,79.8
6.0,59.1,85.2,88.2,4.1,35.8,66.29
6.5,89.5,40.1,71.1,8.9,40.8,61.25
4.8,82.9,75.0,48.4,4.4,60.8,61.34
3.2,74.9,42.8,80.3,8.1,65.7,61.58
4.2,77.8,54.2,77.2,5.4,48.1,57.02
7.8,86.0,43.3,84.5,4.7,52.2,61.06
1.1,61.4,73.2,50.2,6.2,36.1,51.29
2.0,99.8,77.8,51.7,7.2,51.2,59.86
1.4,98.7,46.3,93.4,5.9,97.7,61.7
1.4,82.5,61.1,85.0,4.3,96.1,67.82
8.7,60.0,65.1,94.5,7.0,53.4,72.94
7.3,84.0,60.3,85.5,8.5,70.0,75.65
5.3,53.6,46.7,75.8,5.9,93.7,53.44
1.9,51.5,63.0,79.2,5.1,30.4,47.17
5.4,62.9,81.3,93.3,6.2,86.7,75.22
5.3,73.1,43.9,74.7,4.2,96.4,54.01
2.6,93.4,44.4,77.9,8.1,36.4,56.66
4.9,86.4,59.5,49.4,8.1,41.3,60.5
4.6,87.1,91.8,68.4,6.9,97.3,75.52
6.5,71.3,76.8,83.0,5.8,67.6,77.01
6.7,67.3,77.3,56.3,8.0,31.0,66.75
1.4,68.6,59.9,52.1,6.8,48.0,55.6
4.4,99.4,72.7,58.8,8.1,61.5,63.11
6.6,52.0,40.6,54.5,7.2,78.5,57.35
5.5,93.4,75.0,52.9,7.9,81.3,71.62
8.7,78.9,90.2,65.5,7.0,99.7,78.03
6.9,71.9,73.7,94.5,6.1,50.1,77.07
2.5,86.3,88.1,70.4,8.8,67.7,78.89
1.6,74.3,79.8,51.3,6.7,67.3,56.5
6.8,93.7,46.6,44.6,7.0,58.4,65.95
1.2,95.0,89.6,81.8,5.1,41.8,63.82
6.3,71.1,43.7,63.0,7.1,98.4,60.17
9.5,63.8,69.4,89.3,6.9,89.7,70.57
6.2,79.6,47.8,79.6,4.9,64.9,60.72
4.5,95.6,40.6,87.8,4.3,72.2,56.1
6.8,60.5,63.2,56.3,7.0,45.9,69.96
5.1,81.1,56.2,81.5,7.8,68.1,65.38
5.9,81.6,66.7,55.8,6.6,78.6,65.55
9.5,86.7,71.7,96.3,5.1,66.1,87.07
4.5,56.6,42.4,78.2,7.3,99.3,52.87
9.7,85.8,46.8,59.5,4.4,72.8,67.68
9.1,95.5,70.7,56.2,6.2,56.0,77.0
2.8,59.0,58.9,51.5,4.8,84.1,57.2
1.6,61.9,80.1,81.7,4.9,41.9,57.81
1.9,98.6,75.9,53.1,5.0,56.9,60.84
1.2,59.0,86.5,75.7,5.9,54.3,56.55
1.8,92.7,78.1,55.9,4.3,60.2,61.12
7.1,74.6,63.6,79.7,6.0,84.7,73.0
1.6,62.4,77.0,88.9,6.6,63.9,53.61
3.9,93.5,55.1,86.7,6.4,85.6,67.22
8.6,72.3,56.8,85.7,5.9,70.4,67.64
1.2,75.7,83.4,51.3,8.2,53.9,56.58
8.3,68.0,64.6,45.3,4.7,86.7,65.91
3.5,79.6,83.9,81.9,6.5,46.7,78.55
2.1,58.2,85.2,62.1,4.3,45.7,54.03
7.3,69.6,87.2,65.9,4.4,65.3,65.56
6.7,98.5,90.4,41.9,6.9,48.3,72.94
8.9,62.9,63.7,55.6,6.8,30.6,68.15
7.6,82.8,57.5,42.0,8.4,75.4,76.34
8.2,66.3,72.0,92.8,6.8,65.8,72.71
3.5,88.7,60.4,54.6,8.8,61.2,52.39
2.6,56.5,73.1,73.4,4.2,97.7,63.04
7.8,98.5,78.8,42.3,4.5,70.0,67.59
8.3,72.7,77.9,80.0,4.2,90.4,75.72
9.9,61.8,60.6,59.4,4.9,39.8,66.31
4.7,53.7,49.2,93.9,6.7,69.8,58.86
4.3,58.5,63.7,93.3,7.2,90.8,68.5
8.0,76.0,47.8,59.5,4.2,70.8,61.84
4.1,66.9,89.0,94.1,8.7,80.3,71.01
9.4,91.4,59.0,99.8,8.2,56.0,81.13
8.7,71.5,48.5,89.5,5.5,36.5,68.75
4.9,62.4,41.4,90.7,4.4,62.1,57.58
7.8,80.9,75.5,54.9,4.8,57.6,73.13
7.8,85.3,75.0,74.6,4.6,90.7,82.09
1.9,58.4,58.7,44.0,4.6,47.1,46.68
9.1,58.4,43.9,45.7,6.6,97.7,67.6
5.5,51.8,62.5,99.9,5.2,97.1,59.12
8.4,86.8,57.1,59.6,5.8,47.3,69.46
3.9,83.2,77.2,84.9,8.9,54.4,70.71
9.1,73.7,73.3,88.4,7.4,92.7,85.69
4.5,92.2,60.1,91.5,8.7,97.7,69.1
1.1,90.3,52.0,99.9,4.7,61.0,53.95
9.1,79.3,94.3,54.5,5.9,52.5,75.69
1.8,93.4,65.0,42.4,6.8,66.8,58.55
3.9,60.3,77.9,64.7,4.4,78.1,66.17
9.6,55.6,47.7,47.8,4.0,49.1,59.09
9.6,63.5,66.7,41.3,7.4,81.6,75.97
6.2,52.9,41.5,61.6,7.2,33.6,53.27
6.7,76.6,67.8,87.0,6.1,33.5,67.85
5.0,96.8,93.0,74.0,6.4,57.0,74.05
3.6,52.0,61.1,58.8,6.1,54.7,55.75
4.0,56.1,42.1,79.3,4.1,52.1,52.53
7.1,72.6,41.7,53.9,5.7,64.4,71.45
7.8,96.7,61.3,40.9,4.9,52.5,63.74
8.1,65.8,48.8,85.9,4.5,43.5,67.69
8.1,75.4,41.3,77.4,8.8,51.7,64.19
1.8,52.1,81.6,85.7,7.0,98.2,57.15
5.4,57.4,65.2,42.3,7.6,58.8,57.25
1.5,99.3,55.9,90.2,5.6,61.1,60.71
5.9,98.3,89.5,77.2,6.0,70.4,93.0
5.0,50.2,46.4,73.8,5.2,98.8,56.77
9.0,97.6,92.6,77.5,4.5,46.9,78.08
4.2,82.0,57.3,91.9,4.9,77.7,66.6
2.1,93.4,88.9,75.2,8.0,80.1,59.07
2.3,72.7,73.2,74.9,7.4,72.5,60.32
7.9,75.8,85.5,99.4,6.7,36.2,78.25
6.6,74.4,94.1,85.4,6.4,77.4,82.63
1.9,83.3,55.9,66.5,8.6,34.5,57.98
1.8,57.0,92.9,82.4,4.4,71.7,58.34
7.3,51.5,61.4,63.4,5.4,81.8,63.54
1.7,65.4,61.2,53.7,5.7,44.8,44.18
8.4,85.2,58.7,75.8,7.9,88.9,71.28
7.4,60.1,69.8,95.7,9.0,32.1,71.58
1.7,83.7,48.5,95.7,5.2,89.1,52.61
1.8,98.5,70.5,60.5,8.4,62.2,59.25
9.9,54.7,69.8,71.7,8.2,45.2,67.54
4.4,83.6,81.9,52.7,5.1,39.4,65.34
4.3,72.2,85.9,99.7,6.0,96.7,83.3
8.3,93.4,64.2,98.9,6.0,35.1,70.32
9.5,58.9,56.6,79.0,8.9,43.9,61.1
9.9,84.6,54.3,88.3,4.9,54.3,75.75
7.8,91.9,50.7,82.9,8.0,73.4,74.41
4.4,97.2,43.2,75.6,5.7,68.1,63.33
1.8,84.2,58.8,43.2,7.7,38.8,48.02
8.0,74.9,54.9,67.3,6.1,50.3,65.88
6.0,80.9,93.2,80.5,6.9,46.7,76.51
4.8,93.4,70.7,80.7,8.2,44.9,74.25
9.2,78.5,59.1,62.4,8.0,58.8,62.94
2.0,51.5,71.9,96.5,8.3,79.3,57.99
5.4,96.5,47.7,50.0,4.3,45.2,59.96
1.1,84.5,64.4,70.0,7.5,55.7,50.98
5.2,83.8,74.4,81.5,4.7,57.4,77.33
1.5,60.8,66.9,81.8,6.1,98.4,54.62
2.1,82.9,62.1,78.9,6.7,96.8,62.01
2.1,69.7,94.7,56.5,6.0,86.0,65.72
6.8,82.6,88.4,49.4,6.6,46.9,68.06
7.7,55.3,74.3,78.2,9.0,34.8,59.36
6.3,82.9,71.3,76.0,4.7,52.2,66.98
9.7,100.0,74.1,50.8,7.4,48.7,84.11
4.4,52.4,51.1,82.3,6.0,65.4,54.46
3.6,98.9,61.7,67.3,4.7,84.4,60.86
8.8,70.3,42.2,80.1,4.8,90.1,74.66
3.0,93.5,66.2,90.2,8.7,89.1,67.89
9.7,89.1,69.9,50.2,8.4,55.2,74.24
1.1,78.4,52.5,41.1,8.5,78.1,50.53
9.7,86.9,93.0,86.7,9.0,51.9,91.43
1.4,93.9,90.0,76.6,5.0,34.3,74.11
9.0,70.2,79.7,82.0,5.8,79.1,83.71
5.7,66.4,69.3,90.3,7.3,30.7,70.92
9.9,83.4,87.8,88.2,6.4,58.6,83.14
1.7,90.4,47.2,97.7,6.1,53.1,52.02
6.0,88.1,83.5,72.2,5.8,78.5,75.39
9.7,89.9,46.9,69.3,7.0,83.6,76.75
5.7,71.8,83.7,64.1,6.9,51.3,62.34
6.7,90.9,55.2,49.2,4.8,86.8,66.31
7.3,56.0,88.2,74.4,6.4,50.6,72.92
5.1,77.2,91.9,56.6,6.8,61.2,70.98
6.6,50.3,48.2,95.3,6.9,80.9,66.97
6.3,66.2,65.4,75.0,5.1,78.5,68.44
9.1,68.3,94.0,75.6,7.7,99.1,82.47
1.4,69.8,66.6,61.3,4.1,45.8,47.37
3.5,84.8,87.5,43.1,5.8,76.4,58.6
9.6,69.4,72.4,41.9,7.9,72.7,82.41
9.0,72.4,60.6,65.4,6.8,94.1,74.82
5.1,61.9,55.7,45.1,5.3,40.9,51.44
6.6,68.7,51.2,76.4,7.5,82.6,61.87
3.5,61.4,81.9,92.9,6.8,69.8,80.5
2.7,53.7,61.3,93.0,8.0,49.2,50.32
5.2,80.2,68.1,79.5,7.7,63.2,66.02
4.2,83.4,67.1,52.7,7.1,53.4,62.83
6.3,81.0,71.8,91.8,6.4,70.6,76.93
1.7,73.2,87.6,93.2,4.7,92.2,71.13
9.8,69.0,93.9,51.8,5.3,69.9,88.22
9.9,93.2,62.4,84.2,6.1,74.2,84.62
7.3,76.0,85.5,57.2,7.0,66.3,68.25
5.8,74.0,82.0,88.2,6.6,33.6,68.41
3.8,51.3,71.5,99.8,5.4,46.3,61.47
8.3,67.1,92.6,41.8,4.0,64.4,82.37
7.2,69.0,51.0,93.8,6.5,51.7,60.05
2.5,69.9,46.0,77.4,5.4,42.7,56.32
9.2,79.0,87.0,98.4,7.7,65.3,86.59
8.4,76.7,64.2,67.9,4.1,52.6,74.07
9.5,80.4,86.6,90.8,6.9,48.1,82.85
7.5,88.2,89.1,43.7,8.7,62.5,71.61
6.5,90.6,43.4,60.1,4.9,39.3,64.37
4.8,85.9,88.6,44.0,6.4,94.9,73.89
9.4,97.8,64.7,98.5,4.5,90.7,90.19
8.8,50.9,68.1,89.0,7.1,79.5,73.99
1.4,59.8,74.5,91.2,6.8,37.4,51.91
1.2,50.4,91.0,96.3,6.0,84.3,53.91
4.4,82.4,41.1,45.1,6.6,86.6,60.58
8.3,94.9,66.2,63.1,8.5,83.7,80.48
9.9,62.2,77.8,44.3,5.0,38.0,64.76
2.4,96.4,79.7,52.6,4.1,75.1,59.96
6.3,53.0,78.1,53.8,8.3,88.4,64.6
4.4,96.7,47.4,68.1,6.9,70.4,55.48
9.7,67.6,56.5,56.1,8.5,75.2,67.99
8.6,55.1,59.7,46.1,7.0,62.1,58.4
8.5,74.3,84.2,50.0,8.1,67.0,73.35
5.2,62.8,55.3,48.8,6.1,32.4,49.3
4.7,64.2,51.6,98.4,7.7,74.7,55.43
3.5,65.4,92.7,85.6,8.6,35.7,75.83
1.5,90.2,40.5,98.1,6.9,60.5,62.39
8.8,77.0,94.9,66.4,4.9,50.5,74.69
8.3,65.6,77.2,56.7,5.3,68.2,72.51
10.0,80.5,85.6,87.9,5.0,39.3,84.2
10.0,85.8,56.2,59.6,5.2,78.4,81.55
6.0,63.6,40.8,58.0,5.5,85.7,53.85
7.9,70.7,80.6,54.0,6.8,41.4,75.14
9.5,56.1,85.9,47.8,6.9,37.3,68.06
8.6,59.1,80.7,55.4,6.1,40.2,62.2
3.2,84.1,47.9,61.3,7.1,91.4,62.3
5.1,59.1,81.4,80.4,4.4,67.0,72.33
2.2,76.3,82.3,43.8,4.4,62.7,69.31
9.6,85.5,76.2,52.6,4.9,37.5,68.24
6.5,55.3,82.1,88.5,6.6,75.5,75.45
3.1,78.4,86.5,48.8,5.1,90.8,61.96
7.0,62.8,73.7,60.6,5.4,88.0,72.99
6.6,98.1,44.9,91.9,6.0,73.8,64.16
4.2,74.2,66.8,49.3,8.1,35.3,50.7
2.0,90.3,44.3,45.0,4.1,37.9,42.85
7.0,77.5,62.4,69.1,7.2,33.5,66.31
5.7,52.2,62.4,58.1,7.3,48.0,54.25
8.0,81.7,43.6,73.8,8.0,39.5,69.56
5.7,97.6,59.2,88.2,8.7,48.2,76.1
8.7,80.1,46.1,48.2,4.1,57.0,67.27
6.0,91.0,84.5,74.8,4.8,96.0,85.64
6.0,94.2,92.1,70.3,8.4,72.7,80.96
8.9,61.4,44.0,48.6,6.3,88.4,58.73
4.6,60.6,92.5,77.4,6.8,79.7,76.54
2.2,80.5,68.7,56.4,7.3,37.9,51.65
1.3,70.6,56.5,69.3,7.4,81.5,58.29
7.8,92.0,44.2,44.9,8.7,49.3,72.83
6.6,95.0,67.5,67.6,9.0,74.7,76.77
7.3,67.7,83.7,58.4,7.6,53.9,63.18
2.9,61.8,78.9,89.3,5.4,99.8,60.82
2.2,89.0,42.8,43.4,8.4,48.4,56.16
1.1,63.7,44.0,65.1,4.2,49.5,42.46
4.2,91.1,62.2,67.5,5.2,95.1,66.9
6.3,71.2,56.2,83.5,8.5,31.7,67.78
4.5,83.4,52.8,74.5,5.3,78.8,66.32
4.9,54.8,55.5,80.0,5.1,80.8,61.11
9.1,81.2,84.2,86.6,4.7,88.5,83.19
4.1,72.6,91.1,91.7,8.3,98.2,73.71
5.6,79.3,62.3,58.8,6.5,98.3,71.62
8.1,58.4,89.8,72.3,7.4,34.6,75.15
4.6,86.8,57.7,90.4,5.2,87.5,66.91
6.6,93.1,66.2,99.4,7.8,75.2,83.41
8.8,60.8,52.4,93.4,7.8,75.3,72.05
9.5,54.8,75.2,62.3,5.6,39.0,65.3
2.3,51.2,93.8,51.7,6.1,75.5,54.0
9.3,82.1,73.2,69.4,5.0,98.8,75.87
5.4,80.4,59.7,84.5,8.9,93.8,69.65
3.3,77.3,75.6,69.6,7.2,60.7,68.89
5.1,61.6,46.8,69.0,8.7,32.8,50.72
9.8,69.5,88.9,90.3,5.5,55.4,83.4
5.4,79.7,67.7,61.7,7.9,87.8,65.07
4.0,74.8,64.7,91.6,7.8,79.1,65.38
6.7,99.4,72.2,64.4,7.5,62.2,66.76
3.2,56.8,74.4,59.7,8.8,33.9,53.6
1.7,84.8,43.9,67.2,6.0,59.9,50.29
2.2,70.2,77.5,85.7,4.7,62.8,63.1
2.2,71.4,53.3,47.6,7.4,95.0,54.56
2.4,85.9,79.3,51.8,7.6,74.9,56.07
2.2,84.6,85.2,97.1,6.9,51.8,72.34
6.8,99.6,84.2,50.5,5.0,66.8,75.78
2.6,56.4,70.4,74.1,6.5,34.6,54.2
4.1,55.2,68.6,74.8,5.6,98.1,62.22
9.1,86.2,47.9,69.4,6.1,55.2,68.36
5.3,78.9,82.6,78.7,7.2,63.5,72.52
7.0,63.7,54.9,53.8,7.7,54.9,63.75
2.6,54.0,67.3,73.2,5.2,77.8,46.75
2.7,54.3,55.6,62.3,6.0,76.4,48.8
1.4,94.7,47.4,79.7,5.3,80.1,55.63
2.5,59.6,74.6,48.5,5.0,48.8,52.76
3.5,66.2,43.0,74.3,7.9,52.1,59.01
2.6,61.3,81.2,51.1,8.5,38.8,51.0
1.8,67.7,57.5,56.7,5.9,75.9,48.97
2.1,53.5,40.0,53.1,7.8,32.8,38.53
5.1,76.0,68.1,51.0,8.5,71.8,60.05
2.9,53.4,42.6,89.5,8.2,90.9,53.46
4.3,90.0,55.2,57.1,4.9,92.4,66.66
5.5,61.7,78.9,95.6,8.8,61.4,65.43
7.2,77.0,43.4,98.2,5.9,62.2,70.29
1.4,94.0,86.2,74.3,5.7,35.4,52.88
8.2,82.5,40.2,48.6,4.3,77.0,61.38
6.7,76.6,53.6,62.5,6.4,87.5,65.15
1.7,66.2,80.7,87.9,4.5,47.1,66.18
8.9,66.7,57.4,62.0,5.2,59.5,66.42
9.3,83.5,45.6,45.2,5.6,88.7,58.79
1.5,99.7,59.8,73.4,8.0,91.4,52.8
3.5,83.1,54.9,90.7,8.4,47.0,61.77
8.3,77.9,86.3,87.8,5.5,68.5,83.74
7.7,86.5,57.2,50.5,8.3,43.5,68.8
2.7,73.3,83.4,80.4,8.3,37.1,63.02
2.9,53.0,89.1,53.2,7.8,93.8,67.2
4.3,78.1,63.9,53.1,4.7,87.4,58.7
5.4,97.9,90.0,92.4,7.5,83.2,85.98
6.6,58.8,60.8,55.0,8.7,33.4,51.24
4.3,84.5,93.0,55.8,7.4,89.1,67.36
5.2,60.0,44.9,40.0,5.7,60.7,42.11
7.7,76.8,77.8,92.2,6.5,54.0,75.17
1.3,54.8,67.2,87.6,7.2,68.3,54.35
3.3,72.5,61.3,77.6,6.6,36.4,57.23
7.4,87.8,74.8,85.0,4.6,83.0,78.42
9.1,67.4,78.7,49.1,5.6,70.8,68.51
5.6,83.2,40.2,67.5,8.0,43.1,58.17
5.8,89.8,49.2,61.1,8.3,43.2,54.91
2.0,96.4,79.2,45.6,4.7,42.9,64.38
5.0,61.7,76.7,69.2,8.8,34.0,60.68
5.8,70.0,93.1,95.2,5.6,71.1,73.52
3.2,57.6,81.9,42.4,7.3,88.8,66.83
3.4,99.6,92.3,57.5,7.8,31.2,60.93
4.4,96.4,78.6,52.5,8.1,33.4,59.57
1.2,77.0,56.4,54.3,8.7,70.1,46.52
3.9,92.1,45.8,94.5,5.6,87.4,65.0
2.9,76.0,83.0,68.1,8.3,52.9,65.01
3.9,81.2,75.4,68.0,4.7,54.5,66.54
2.1,54.5,42.7,85.6,7.5,71.7,63.44
9.0,87.8,59.8,49.3,7.7,49.2,59.93
6.3,56.4,92.6,69.2,7.4,31.9,70.49
7.1,91.3,67.5,65.8,5.3,81.5,70.77
8.1,89.1,63.8,75.8,8.4,73.8,74.04
5.5,85.4,65.2,100.0,4.8,70.7,68.5
1.8,51.8,51.5,86.2,4.3,81.9,46.46
5.8,65.2,60.3,63.9,7.6,77.3,72.15
6.3,63.2,60.3,89.7,6.4,44.4,68.77
7.7,68.0,42.9,50.2,8.2,54.7,60.79
4.9,54.4,82.2,41.8,5.9,38.8,63.54
2.1,96.8,62.9,52.3,4.8,39.1,46.93
3.6,77.7,85.2,60.4,8.2,77.3,60.08
4.3,65.3,86.8,70.6,6.7,90.1,57.57
6.8,69.8,51.7,76.9,4.9,97.4,64.11
6.1,72.4,76.2,94.6,7.6,74.0,74.98
4.2,80.0,66.0,70.6,6.6,42.9,61.69
9.9,75.8,88.4,70.1,7.0,37.4,80.51
6.5,96.0,51.9,43.0,6.3,86.9,59.66
3.1,74.8,77.3,42.1,8.1,70.5,63.47
1.9,99.6,73.4,73.1,8.1,73.3,66.56
2.4,92.6,56.2,66.3,7.5,84.7,64.4
3.2,60.4,47.5,90.4,4.5,79.2,46.22
2.4,96.5,75.8,49.6,8.2,88.4,66.19
2.7,55.8,80.6,41.5,7.4,33.9,45.44
3.6,90.9,57.4,66.9,7.5,82.3,61.56
2.6,69.0,75.5,54.2,5.8,89.6,61.84
9.1,93.9,61.7,43.0,8.4,50.0,73.06
1.7,93.4,79.2,83.5,7.6,74.8,62.28
5.7,90.3,51.0,46.7,4.6,52.0,59.6
4.7,89.5,89.0,76.5,6.0,97.1,68.43
9.8,65.2,55.8,56.9,8.4,32.3,73.21
2.0,54.0,60.2,50.4,4.2,70.6,46.54
4.6,70.1,43.2,62.8,8.8,41.7,59.9
9.7,58.7,46.1,88.1,7.4,79.9,69.79
8.8,84.7,68.4,63.5,7.2,42.3,70.78
8.4,67.3,54.7,85.0,5.4,46.5,64.41
3.3,98.8,86.0,47.5,5.2,64.6,70.08
2.5,82.0,40.8,86.4,8.7,94.0,56.01
7.0,91.1,60.9,54.2,5.5,44.8,69.53
9.4,56.6,58.6,80.6,7.9,40.1,67.61
6.0,93.1,41.1,73.9,6.0,83.1,56.41
6.1,96.1,46.8,95.7,4.7,65.0,66.52
3.5,74.4,62.8,63.2,4.1,93.8,54.34
7.9,80.3,67.1,44.0,6.7,40.3,66.73
2.7,88.2,62.2,41.1,8.9,75.2,52.12
3.9,58.7,69.2,89.6,5.8,46.3,64.39
4.8,75.1,72.7,71.5,5.8,41.0,62.46
5.6,69.9,40.5,86.5,5.7,77.8,60.82
3.2,57.3,65.5,54.1,6.6,71.6,57.69
2.0,68.4,93.0,60.7,6.2,82.8,67.23
6.5,53.4,68.5,41.8,8.4,51.7,59.59
3.6,51.3,77.3,97.7,6.5,61.4,58.77
6.2,56.8,57.2,80.1,6.5,58.4,53.4
2.4,98.2,82.6,96.0,4.7,98.9,69.5
5.3,77.5,82.5,55.9,8.9,50.5,64.17
5.8,98.3,68.7,76.7,5.2,50.6,71.04
1.5,71.6,93.7,80.7,4.4,54.8,59.55
4.0,65.6,46.9,59.1,7.3,69.5,57.75
2.2,75.3,40.9,90.9,7.0,47.7,49.63
1.6,72.0,82.4,96.8,6.1,94.1,65.69
9.9,55.3,84.4,93.1,6.1,48.6,84.7
3.9,82.0,46.6,84.3,7.9,92.7,65.37
8.3,60.8,54.6,56.6,5.0,37.2,60.97
3.3,81.0,41.0,56.9,8.1,76.0,51.88
7.1,82.5,56.1,97.8,7.2,93.5,72.73
7.8,57.6,82.5,40.6,6.1,41.8,60.71
6.4,53.1,68.5,83.0,6.3,97.8,66.42
5.2,89.0,59.1,82.4,5.3,61.7,70.53
4.7,73.0,60.4,77.4,7.8,96.2,65.47
4.1,52.9,40.1,99.4,6.6,77.4,50.06
9.4,99.7,56.5,58.7,5.6,51.1,83.12
8.5,52.9,75.6,60.4,7.0,43.2,69.21
9.7,84.8,93.6,44.7,9.0,51.3,73.91
2.1,99.2,86.6,66.6,6.2,36.5,61.27
7.6,62.0,41.3,55.7,8.6,40.1,58.94
9.4,57.1,89.4,60.6,5.7,37.3,81.46
2.6,56.1,83.1,90.1,4.3,59.6,54.58
1.6,65.2,82.9,96.1,5.0,85.7,68.13
7.7,55.1,65.2,51.1,6.1,39.9,68.27
6.2,84.6,61.9,62.4,5.1,39.1,60.57
8.6,53.1,56.7,95.7,4.0,75.0,68.76
2.3,75.5,43.6,43.7,8.6,43.8,41.8
8.2,99.8,52.6,45.5,8.2,36.8,67.2
2.8,90.7,53.6,49.8,7.7,41.7,53.85
2.5,80.8,66.6,75.7,4.8,94.7,65.58
2.5,65.3,81.1,49.0,4.6,87.5,63.44
8.3,81.2,66.1,98.1,4.3,54.8,72.12
7.0,76.4,43.2,66.8,7.6,75.9,55.15
5.7,71.3,92.7,70.1,8.6,67.6,73.15
4.2,56.5,91.8,54.8,6.2,77.4,65.28
8.9,94.3,83.2,68.3,4.6,77.8,83.48
4.5,72.5,94.5,79.7,6.6,74.0,70.4
8.3,59.7,69.9,85.1,5.7,48.6,71.26
5.0,68.4,93.0,85.2,5.9,32.7,76.01
4.4,70.7,44.2,74.7,7.1,61.9,59.04
5.2,91.4,60.1,94.3,7.6,92.4,71.62
3.7,86.7,52.4,89.0,4.6,69.9,59.83
7.7,88.5,50.8,85.4,4.2,88.3,72.54
5.5,50.6,47.7,43.3,9.0,99.4,64.91
3.1,70.8,74.2,40.4,5.2,41.5,52.35
9.1,74.1,83.0,52.7,4.3,78.4,76.12
4.5,51.0,71.8,79.8,4.9,77.2,59.13
5.9,63.0,48.1,64.7,4.2,98.6,66.53
9.2,88.0,84.6,64.1,6.0,99.0,94.06
6.6,56.9,75.0,93.1,8.0,78.1,74.66
2.1,76.8,61.3,93.7,5.7,47.1,57.96
9.5,60.8,77.1,94.6,6.2,85.9,81.25
6.6,50.6,54.3,58.8,7.4,37.5,44.54
4.0,62.1,59.0,81.5,6.5,84.6,64.83
2.3,98.8,90.5,56.3,8.3,93.7,70.77
8.1,90.1,56.0,51.4,8.3,56.8,71.95
6.6,98.0,65.8,51.1,4.0,74.1,66.07
5.8,74.4,89.0,60.5,7.9,60.1,68.74
9.0,55.5,78.9,65.8,6.3,60.6,70.35
8.1,77.4,43.4,89.9,8.9,51.7,74.79
2.4,72.7,48.1,47.2,6.4,83.3,49.28
3.8,92.2,40.4,84.1,8.9,95.5,75.07
3.2,54.9,74.7,71.9,7.8,95.9,64.08
7.7,74.4,64.6,57.3,5.2,42.2,59.32
1.3,57.5,47.4,69.6,6.7,91.2,48.87
6.1,66.2,92.7,58.0,9.0,81.6,69.77
7.9,86.9,69.1,75.8,8.3,47.7,63.72
8.9,73.8,53.3,66.0,4.5,34.7,73.95
4.1,68.8,67.5,49.9,7.5,48.8,60.52
8.4,69.7,77.4,47.0,5.7,93.9,76.25
2.0,73.0,44.2,72.8,4.0,74.3,51.83
8.6,89.3,55.1,94.1,6.0,80.5,71.39
2.1,94.6,84.4,60.6,5.2,48.0,59.34
4.6,97.8,65.3,84.0,8.1,80.4,76.28
8.2,89.3,70.1,79.5,5.7,32.0,68.6
2.3,65.8,63.8,95.9,8.1,56.3,46.27
3.1,84.4,42.4,89.3,4.0,73.9,56.88
7.5,71.9,49.1,74.0,5.5,40.2,62.57
7.5,62.7,64.5,79.4,5.2,87.6,71.36
6.8,92.0,51.5,93.9,5.2,46.5,73.25
7.2,51.9,42.7,64.0,4.3,75.7,61.56
5.9,95.1,86.4,59.6,4.9,58.4,73.89
3.3,73.1,94.0,40.6,6.8,71.7,69.01
4.1,81.9,83.6,89.6,5.5,37.5,59.88
2.6,83.0,87.0,88.1,6.1,31.2,66.76
9.2,94.8,53.3,46.3,5.9,93.7,77.68
6.3,81.8,92.8,74.6,8.4,48.9,69.39
4.6,80.7,50.8,67.8,8.5,87.4,55.99
5.2,53.3,92.3,47.1,6.5,100.0,63.32
9.5,75.9,94.7,98.8,5.7,44.8,81.45
2.4,57.5,79.1,52.9,4.5,48.6,56.09
6.3,86.9,94.0,44.0,8.8,76.4,72.2
5.6,75.6,71.3,75.7,4.3,97.6,65.93
6.5,84.0,54.3,84.3,5.5,94.1,68.37
1.2,52.1,64.0,41.9,5.5,65.2,50.57
8.8,54.2,72.6,79.5,5.6,85.7,74.35
9.4,85.8,44.0,71.9,4.8,39.5,67.9
6.1,53.6,74.2,46.2,7.9,98.4,64.69
7.3,53.6,94.0,50.4,4.6,97.5,78.54
9.3,50.6,50.5,74.1,7.2,41.5,61.11
7.4,97.8,83.6,57.8,4.6,51.0,81.61
2.4,86.9,89.9,96.3,4.4,37.0,67.25
6.2,67.7,91.9,89.1,8.5,49.0,73.73
6.5,64.8,92.8,99.0,5.0,87.1,90.97
4.8,67.5,68.7,55.6,8.1,56.5,55.44
7.6,88.7,93.8,98.2,6.7,36.2,80.12
9.4,83.1,81.7,65.9,4.4,54.0,71.87
9.3,59.3,48.9,60.9,8.8,98.7,75.5
5.1,58.7,66.2,43.0,5.2,74.1,65.95
2.0,54.9,79.5,43.2,8.3,59.1,60.74
9.9,83.0,53.6,81.5,4.8,41.7,79.66
8.6,88.2,75.2,67.5,8.3,99.0,81.13
2.1,63.3,76.7,53.6,4.1,87.5,54.1
9.3,51.0,48.9,76.8,6.6,49.7,57.11
8.8,54.1,71.1,55.2,7.8,34.9,76.44
5.7,98.4,82.4,74.7,8.7,34.0,75.83
6.3,64.8,67.4,61.6,8.5,38.4,60.43
4.6,88.5,40.7,89.4,8.1,70.7,70.55
1.5,81.2,40.5,89.2,8.4,95.0,52.33
4.0,69.1,59.6,68.6,5.0,64.8,60.02
8.2,60.3,90.9,61.0,5.4,89.0,75.17
1.0,56.1,52.6,61.8,5.4,61.2,48.15
4.0,80.8,74.9,88.3,5.9,79.6,68.72
4.6,88.7,52.2,59.7,6.0,81.2,55.11
5.8,82.2,57.7,52.5,6.7,42.2,61.19
9.3,76.5,86.6,45.1,4.8,55.3,80.14
4.1,52.1,80.1,68.0,7.5,74.6,61.96
4.1,98.4,45.2,68.9,4.8,34.9,61.33
7.6,89.9,63.6,90.5,5.6,55.3,69.56
5.1,64.6,41.6,53.3,6.5,67.4,53.92
3.0,99.0,66.4,62.9,8.0,99.7,64.18
5.1,80.1,76.4,88.5,7.7,63.2,75.05
2.3,79.1,46.5,89.4,7.2,87.1,59.07
2.6,87.4,55.9,63.1,4.8,60.2,59.29
5.5,90.6,61.9,67.5,6.7,85.7,74.83
4.8,82.8,90.6,58.2,4.4,71.7,72.77
9.2,56.4,94.6,96.0,5.9,92.1,85.86
4.3,66.9,42.5,47.1,6.1,58.8,45.76
6.2,96.4,81.9,96.0,4.2,72.3,78.97
6.7,61.2,60.4,81.0,5.4,74.1,63.68
1.1,68.6,61.6,71.9,8.8,59.2,51.25
7.0,71.6,81.5,42.0,8.8,40.1,65.03
2.6,72.0,90.5,68.5,5.8,36.5,55.45
9.6,80.6,92.3,64.5,4.2,31.2,68.3
2.3,97.2,71.7,49.7,4.9,91.1,58.79
4.7,62.0,59.6,79.4,6.0,46.6,59.59
1.8,56.1,83.3,98.3,8.7,44.8,53.38
10.0,59.9,53.8,73.7,4.7,81.5,72.06
5.5,94.3,71.0,82.9,7.8,52.4,81.44
6.4,82.3,59.7,44.1,4.5,65.4,67.91
1.6,64.3,76.1,65.1,8.9,41.4,62.46
7.7,90.8,53.2,47.0,5.9,97.2,72.39
2.9,93.1,50.5,76.8,7.9,89.6,68.76
9.1,92.3,90.5,96.3,5.7,90.5,86.56
2.8,95.9,45.6,79.7,7.1,58.5,55.71
2.7,62.6,67.8,44.6,5.0,83.4,40.05
1.3,87.8,52.1,61.3,4.7,40.1,55.32
5.2,73.0,42.1,73.0,8.7,30.6,64.19
6.1,92.1,42.0,64.2,8.6,31.4,58.47
1.6,86.4,49.6,90.0,8.4,71.1,57.22
8.0,88.8,87.7,88.9,7.1,61.9,78.99
5.1,82.8,55.5,76.7,8.0,66.3,67.23
5.7,58.9,92.3,62.4,4.3,30.5,69.29
5.0,77.3,72.0,55.3,5.7,59.6,54.35
4.6,99.2,64.0,46.4,5.6,80.3,67.18
6.0,96.9,71.9,61.3,7.2,61.0,69.87
2.4,52.2,68.4,64.8,5.8,81.3,54.86
2.6,58.2,81.7,80.5,4.7,46.3,59.91
8.8,56.6,55.5,79.5,7.0,86.9,70.37
9.5,86.3,59.4,44.2,8.1,71.2,73.14
4.4,90.9,89.2,63.7,5.9,44.8,67.4
3.4,60.7,92.1,50.9,4.7,46.6,63.16
6.8,75.3,89.1,49.4,5.0,74.0,73.74
4.7,92.0,63.1,89.6,5.2,88.1,71.88
1.2,86.6,82.9,42.5,5.5,59.1,49.73
2.4,77.1,66.2,65.2,7.2,48.1,54.27
7.4,79.5,67.4,50.1,7.0,90.7,75.83
6.9,75.4,51.3,92.8,7.5,76.8,70.69
1.2,64.9,72.5,73.4,5.8,61.4,57.45
3.0,78.3,50.2,53.9,8.1,64.2,63.1
3.1,84.4,58.2,70.1,5.0,44.3,61.82
7.0,93.7,87.0,83.9,6.3,73.9,81.58
1.2,81.8,51.4,97.5,8.0,55.1,53.79
1.9,88.1,43.9,53.2,4.9,99.7,40.98
8.2,58.0,43.8,93.2,4.5,63.6,64.8
2.6,73.1,91.7,96.1,8.4,64.0,67.43
6.9,50.5,67.9,95.0,5.7,69.6,70.34
3.1,62.3,62.5,78.1,7.4,94.2,59.9
1.9,86.3,84.6,77.8,4.1,86.1,63.89
3.2,99.6,86.0,64.2,7.5,61.6,60.06
7.5,55.0,58.3,85.1,5.6,80.3,63.22
8.7,70.1,78.1,71.9,4.3,71.0,77.71
8.5,90.0,82.4,80.6,7.0,64.5,90.47
4.6,60.2,76.0,65.7,5.2,43.5,58.86
7.0,77.8,48.3,83.9,5.9,62.5,68.56
2.8,86.7,88.2,89.5,4.4,47.2,71.5
3.6,80.8,69.7,48.8,4.7,94.0,57.6
9.1,59.4,55.5,90.0,5.5,53.5,71.94
1.1,67.8,63.4,72.4,4.4,96.7,51.19
1.8,89.2,42.1,90.7,8.6,67.3,61.82
2.9,77.7,47.0,65.9,4.0,74.2,54.6
1.2,50.3,82.1,62.7,6.4,68.0,54.48
2.6,88.0,40.0,94.9,4.6,39.1,50.63
6.2,51.8,62.9,55.1,5.5,56.3,61.77
4.8,87.3,68.7,90.7,8.6,36.9,78.65
9.0,60.1,43.0,69.0,4.8,73.6,60.34
8.4,97.9,93.5,70.8,8.8,61.3,83.41
4.1,68.4,52.4,58.5,5.0,84.5,57.91
3.3,66.3,56.7,74.4,7.7,45.4,59.17
4.4,57.4,56.7,59.5,6.7,41.5,50.28
6.3,65.3,52.7,42.4,8.4,58.4,44.22
3.4,93.8,40.1,56.3,6.8,94.9,65.42
6.6,99.8,80.1,40.4,6.7,79.7,77.67
4.7,68.4,93.2,98.7,5.0,59.3,63.25
6.0,72.4,52.3,97.9,4.8,66.2,63.22
4.9,86.1,76.5,63.7,8.6,35.9,73.88
3.7,94.3,80.8,83.7,5.6,98.9,80.79
9.5,79.7,86.7,60.7,5.9,76.6,85.77
7.9,69.6,63.2,80.3,7.8,50.0,69.53
2.3,70.6,56.7,88.3,5.7,71.0,57.65
8.8,84.8,57.9,96.8,8.8,37.7,75.47
5.4,50.2,79.2,64.0,7.7,97.6,72.19
9.1,81.0,84.9,87.0,7.0,42.2,76.57
8.2,67.8,50.0,56.0,8.4,75.4,62.67
4.8,89.7,60.4,99.4,4.2,47.2,71.82
1.2,54.6,89.6,41.5,5.3,80.2,52.99
3.4,79.4,84.4,76.2,6.3,84.4,75.39
5.9,74.0,94.2,79.6,5.1,77.1,71.94
6.7,82.1,81.5,81.3,7.7,73.0,76.62
3.3,53.2,61.6,47.2,8.6,92.5,50.31
2.3,79.0,72.5,96.3,6.1,35.5,60.76
8.5,78.1,76.4,50.9,5.7,53.2,64.38
9.9,78.0,44.3,77.4,8.8,47.4,69.74
5.7,80.2,69.9,53.4,6.2,99.2,61.61
2.5,83.8,79.0,58.4,6.4,57.3,63.92
3.5,90.2,49.2,72.8,5.8,81.3,64.62
1.2,63.5,82.9,65.0,8.5,77.9,49.56
9.2,91.3,72.1,49.6,6.8,44.8,81.27
2.1,74.9,92.4,50.3,7.8,46.7,71.93
6.2,53.9,42.3,65.1,8.1,49.7,55.87
3.5,52.9,54.6,85.4,5.7,58.8,51.31
6.0,66.7,73.1,93.9,6.2,46.4,82.56
6.9,89.2,56.3,45.0,8.2,31.4,56.56
8.5,85.4,79.3,63.6,5.8,91.6,79.86
2.9,89.4,81.7,46.0,8.0,97.6,67.11
1.1,75.9,45.6,41.0,8.7,53.9,51.95
2.2,72.0,68.3,79.7,7.1,53.7,59.65
9.1,57.4,68.0,76.1,7.7,30.5,67.05
8.9,66.4,60.3,49.8,8.0,77.6,65.08
6.4,71.7,91.3,54.0,8.2,87.8,72.44
6.4,54.4,85.5,41.4,6.0,40.3,56.46
7.0,61.0,78.3,90.1,4.3,41.2,69.3
2.6,79.9,79.3,98.5,6.0,85.3,65.79
9.2,86.8,65.4,48.1,7.4,73.1,67.46
4.8,99.9,90.7,53.9,6.3,33.1,75.48
4.4,96.7,78.2,92.1,7.7,73.6,72.43
5.7,82.1,80.1,95.6,5.8,51.6,66.75
1.4,71.1,87.4,65.2,7.2,55.8,57.69
2.5,81.8,55.1,43.0,4.9,83.9,54.02
7.6,89.3,84.4,42.4,7.7,86.8,68.12
1.7,55.9,50.7,74.4,6.7,58.0,50.07
6.4,70.5,59.0,63.6,5.0,96.3,61.28
3.2,92.0,58.5,41.7,5.5,58.5,64.44
4.5,69.2,93.8,75.0,7.7,84.0,74.66
3.6,78.6,87.1,40.7,6.4,63.9,60.19
4.2,79.4,78.6,87.2,5.1,92.8,67.21
7.5,59.2,80.0,58.4,8.8,93.5,72.58
3.7,68.1,70.9,42.4,7.6,36.1,57.43
6.1,66.7,92.1,75.3,8.8,95.6,76.74
5.3,51.3,67.3,63.9,6.1,87.8,60.66
7.0,51.2,60.9,98.4,6.4,85.4,69.76
9.4,91.6,49.0,72.7,8.5,44.1,70.62
7.6,63.7,83.2,56.5,6.6,86.4,71.24
2.9,75.9,80.4,82.6,7.5,89.5,57.19
1.3,64.9,61.1,56.3,5.3,50.2,52.49
3.4,97.0,41.4,94.3,6.2,96.7,66.66
6.4,63.0,86.1,62.5,4.6,33.5,61.28
1.5,71.5,40.6,73.0,5.0,40.5,55.19
5.5,93.6,78.7,43.0,4.0,67.6,67.79
6.4,92.1,93.4,65.6,4.2,70.3,71.56
4.0,59.3,64.1,89.9,8.9,75.2,67.62
7.9,90.1,52.9,88.3,5.2,31.2,71.95
2.0,72.9,78.8,53.5,7.3,97.2,62.65
1.7,74.1,84.9,53.6,8.2,33.1,53.62
7.6,56.7,70.1,89.0,6.8,40.0,70.87
5.5,54.0,93.2,95.8,4.8,31.0,66.41
7.2,86.4,42.8,45.7,7.6,69.7,66.38
4.9,74.8,67.8,67.0,7.0,95.3,57.72
3.2,71.8,79.5,60.2,7.7,76.6,60.61
8.4,86.5,87.4,92.2,7.8,87.6,95.25
8.2,88.3,49.9,45.0,8.9,30.9,61.09
7.3,57.9,84.0,52.7,6.9,67.9,65.96
3.4,80.5,70.4,85.1,5.7,62.2,61.8
6.3,56.8,61.8,43.1,7.2,64.9,53.04
4.2,87.6,47.2,69.6,4.3,35.1,44.88
1.8,82.8,87.6,66.5,8.5,77.9,63.82
9.3,97.8,48.7,60.1,4.6,65.2,73.5
2.2,53.4,57.0,63.7,5.6,83.6,50.88
9.6,52.9,56.0,71.8,8.1,64.0,69.08
5.0,64.1,87.9,49.7,7.0,40.5,62.52
